Brand/Chain Name,Total Outlets,Locations
10 Corso Como,1,Milan/Italy 1
Ader Error Store,1,Seoul/South Korea 1
Aimé Leon Dore London,1,London/United Kingdom 1
Alien DNA,1,Prague/Czech Republic 1
Alife,1,New York/United States 1
Anaabu,1,Petaling Jaya/Malaysia 1
Andreas Murkudis,1,Berlin/Germany 1
Antonioli Milan,1,Milan/Italy 1
Atipici,1,Milan/Italy 1
Atmos Tokyo,1,Tokyo/Japan 1
BAIT Los Angeles,1,Los Angeles/United States 1
BAPE New York,1,New York/United States 1
BAPE Store Harajuku,1,Tokyo/Japan 1
BAPE Store London,1,London/United Kingdom 1
BEAMS Harajuku,1,Tokyo/Japan 1
Billionaire Boys Club,1,New York/United States 1
Boon the Shop,1,Seoul/South Korea 1
Born x Raised,1,Los Angeles/United States 1
Brain Dead,1,Los Angeles/United States 1
Brian & Barry Milan,1,Milan/Italy 1
Carhartt WIP Soho,1,London/United Kingdom 1
Centre Pompidou Gift Shop,1,Paris/France 1
CLOT Juice Flagship,1,Hong Kong/Hong Kong 1
CLSC,1,Los Angeles/United States 1
Collect the Label,1,Amsterdam/Netherlands 1
Concrete Store,1,Amsterdam/Netherlands 1
Corteiz,1,London/United Kingdom 1
Daily Paper,1,Amsterdam/Netherlands 1
DESTRUCTIBLE,1,Mexico City/Mexico 1
Dover Street Market Ginza,1,Tokyo/Japan 1
Dover Street Market London,1,London/United Kingdom 1
Dover Street Market New York,1,New York/United States 1
Dover Street Market Shanghai,1,Shanghai/China 1
Dover Street Market Singapore,1,Singapore/Singapore 1
END. Clothing London,1,London/United Kingdom 1
Extra Butter,1,New York/United States 1
Felt,1,Miami/United States 1
Firmament Berlin,1,Berlin/Germany 1
Footpatrol Soho,1,London/United Kingdom 1
FOSS,1,Guangzhou/China 1
Fred Segal,1,Los Angeles/United States 1
FRUITION,1,Taipei/Taiwan 1
Goodhood,1,London/United Kingdom 1
Haven Toronto,1,Toronto/Canada 1
Haven Vancouver,1,Vancouver/Canada 1
Homeless HK,1,Hong Kong/Hong Kong 1
Human Made Shibuya,1,Tokyo/Japan 1
I.T Hysan One,1,Hong Kong/Hong Kong 1
Illum Department Store,1,Copenhagen/Denmark 1
Incu Surry Hills,1,Sydney/Australia 1
JUICE,1,Guangzhou/China 1
Juice Beijing,1,Beijing/China 1
Juice Hong Kong,1,Hong Kong/Hong Kong 1
Juice Shanghai,1,Shanghai/China 1
Kasina Seoul,1,Seoul/South Korea 1
Kith Brooklyn,1,New York/United States 1
Kith London,1,London/United Kingdom 1
Kith Miami,1,Miami/United States 1
Kith SoHo,1,New York/United States 1
LABELHOOD Shanghai,1,Shanghai/China 1
Lazy Oaf,1,London/United Kingdom 1
Limited Edt Singapore,1,Singapore/Singapore 1
Livestock Toronto,1,Toronto/Canada 1
Livestock Vancouver,1,Vancouver/Canada 1
LMC Store Seoul,1,Seoul/South Korea 1
M+RC NOIR,1,Paris/France 1
Machine-A,1,London/United Kingdom 1
Maha,1,Amsterdam/Netherlands 1
Mardi Mercredi,1,Seoul/South Korea 1
Maxfield LA,1,Los Angeles/United States 1
Musinsa Standard Hongdae,1,Seoul/South Korea 1
Neighborhood Harajuku,1,Tokyo/Japan 1
NeverEnough,1,Prague/Czech Republic 1
Noah NYC,1,New York/United States 1
Norse Projects,1,Copenhagen/Denmark 1
Norse Store Copenhagen,1,Copenhagen/Denmark 1
Nous Paris,1,Paris/France 1
NPC Beijing,1,Beijing/China 1
Off-White London,1,London/United Kingdom 1
Only NY,1,New York/United States 1
OVO Flagship Toronto,1,Toronto/Canada 1
OVO London,1,London/United Kingdom 1
Palace Paris,1,Paris/France 1
Palace Skateboards London,1,London/United Kingdom 1
Patta Amsterdam,1,Amsterdam/Netherlands 1
Pestle & Mortar Clothing,1,Kuala Lumpur/Malaysia 1
Pigalle Amsterdam,1,Amsterdam/Netherlands 1
Pigalle Paris,1,Paris/France 1
Pleasures,1,Los Angeles/United States 1
POST ARCHIVE FACTION,1,Seoul/South Korea 1
Public Culture,1,Jakarta/Indonesia 1
RAGTAG,1,Tokyo/Japan 1
RETERNITY,1,Delmenhorst/Germany 1
RSVP Gallery Chicago,1,Chicago/United States 1
RSVP Gallery LA,1,Los Angeles/United States 1
Sacrifice,1,Mexico City/Mexico 1
Saint Alfred Chicago,1,Chicago/United States 1
Selfridges London,1,London/United Kingdom 1
Size? Carnaby Street,1,London/United Kingdom 1
Slam Jam,1,Rome/Italy 1
SLAM JAM Milan,1,Milan/Italy 1
Sneakerboy,1,Melbourne/Australia 1
Sneakerboy Sydney,1,Sydney/Australia 1
Solebox Berlin,1,Berlin/Germany 1
SOULSCAPE,1,Singapore/Singapore 1
Stadium Goods,1,New York/United States 1
Starcow Paris,1,Paris/France 1
Subtype Store,1,Sydney/Australia 1
Supply HK,1,Hong Kong/Hong Kong 1
Supply Melbourne,1,Melbourne/Australia 1
Supreme Harajuku,1,Tokyo/Japan 1
Supreme London,1,London/United Kingdom 1
Supreme New York (Lafayette),1,New York/United States 1
Supreme Paris,1,Paris/France 1
Surrender Store,1,Singapore/Singapore 1
SWE,1,Ho Chi Minh City/Vietnam 1
The Hive Clothing,1,Kraków/Poland 1
The North Face London,1,London/United Kingdom 1
The Quiet Life,1,Los Angeles/United States 1
Thisisneverthat Seoul,1,Seoul/South Korea 1
Tony Delfino,1,Mexico City/Mexico 1
Undefeated La Brea,1,Los Angeles/United States 1
Union Los Angeles,1,Los Angeles/United States 1
Union Los Angeles NYC,1,New York/United States 1
United Arrows & Sons,1,Tokyo/Japan 1
Unknwn Miami,1,Miami/United States 1
Up There Store,1,Melbourne/Australia 1
Veld,1,Amsterdam/Netherlands 1
Voo Store Berlin,1,Berlin/Germany 1
Wasted Paris,1,Paris/France 1
WOOD WOOD,1,Berlin/Germany 1
Wood Wood Copenhagen,1,Copenhagen/Denmark 1
WTAPS Harajuku,1,Tokyo/Japan 1
XCOMMONS,1,Beijing/China 1
YOHO! Store,1,Shanghai/China 1